Country,Total Equity Risk Premium,Country Risk Premium,Total Equity Risk Premium2,Country Risk Premium3
Ethiopia,0.17915475881531617,0.13145475881531618,,
Kenya,0.14260141204291102,0.09490141204291103,0.1368475018384414,0.0891475018384414
Rwanda,0.12801439572528456,0.08031439572528457,0.1055461414683174,0.057846141468317396
Tanzania,0.1134273794076581,0.06572737940765809,,
Uganda,0.14260141204291102,0.09490141204291103,,
