Country,Total Equity Risk Premium,Country Risk Premium
Ethiopia,0.17915475881531617,0.13145475881531618,,
Kenya,0.14260141204291102,0.09490141204291103,,
Rwanda,0.12801439572528456,0.08031439572528457,,
Tanzania,0.1134273794076581,0.06572737940765809,,
Uganda,0.14260141204291102,0.09490141204291103,,
