Country,Total Equity Risk Premium,Country Risk Premium
Ethiopia,0.1791547588,0.1314547588
Kenya,0.142601412,0.09490141204
Rwanda,0.1280143957,0.08031439573
Tanzania,0.1134273794,0.06572737941
Uganda,0.142601412,0.09490141204